"title","rating","name"
"Lean Software Development: An Agile Toolkit","4.17","Addison Wesley"
"Facing the Intelligence Explosion","3.87","Machine Intelligence Research Institute"
"Scala in Action","3.74","Manning"
"Patterns of Software: Tales from the Software Community","3.84","Oxford University Press, USA"
"Anatomy Of LISP","4.43","McGraw-Hill"
"Computing machinery and intelligence","4.17","MSAC Philosophy Group"
"XML: Visual QuickStart Guide","3.66","Peachpit Press"
"SQL Cookbook","3.95","O'Reilly Media"
"The Apollo Guidance Computer: Architecture And Operation (Springer Praxis Books / Space Exploration)","4.29","Praxis Publications Inc"
"Minds and Computers: An Introduction to the Philosophy of Artificial Intelligence","3.54","Edinburgh University Press"
"The Architecture of Symbolic Computers","4.50","McGraw-Hill"
"Nmap Network Scanning: The Official Nmap Project Guide to Network Discovery and Security Scanning","4.32","Nmap Project"
"The It Handbook for Business: Managing Information Technology Support Costs","4.40","Createspace Independent Publishing Platform"
"Accidental Empires","4.00","Harper"
"Introducing HTML5","3.97","New Riders Publishing"
"Are You Smart Enough to Work at Google?","3.52","Little, Brown and Company"
"Elements of ML Programming, Ml97 Edition","3.70","Pearson"
"Scrum and XP from the Trenches","4.17","Lulu"
"Becoming a Technical Leader: An Organic Problem-Solving Approach","4.09","Dorset House"
"The Text Mining Handbook: Advanced Approaches in Analyzing Unstructured Data","3.95","Cambridge University Press"
"Constraint Processing","3.38","Morgan Kaufmann Publishers"
"Essential PHP Security","4.07","O'Reilly Media"
"A Book on C: Programming in C","3.74","Addison Wesley"
"Scientific Computing","3.42","McGraw-Hill"
"Cocoa Design Patterns","4.00","Addison Wesley"
"Cocoa Programming for Mac OS X","3.97","Addison Wesley"
"Six Degrees: The Science of a Connected Age","3.90","W. W. Norton Company"
"OpenGL Programming Guide: The Official Guide to Learning OpenGL, Version 2","3.66","Addison Wesley"
"Killer Game Programming in Java","3.26","O'Reilly Media"
"Mathematik Fur Informatiker: Band 1: Diskrete Mathematik Und Lineare Algebra","4.10","Springer"
"C++ Network Programming, Volume I: Mastering Complexity with ACE and Patterns","3.85","Addison Wesley"
"Gamification by Design","3.66","O'Reilly Media"
"Cyberwar: The Next Threat to National Security & What to Do About It","3.72","Ecco"
"More Effective C#: 50 Specific Ways to Improve Your C#","4.09","Addison Wesley"
"C++ Programming: From Problem Analysis to Program Design","4.18","Course Technology"
"Numerical Linear Algebra","4.17","Society for Industrial and Applied Mathematics (SIAM)"
"The Principles of Product Development Flow: Second Generation Lean Product Development","4.16","Celeritas Publishing"
"An Embedded Software Primer","3.71","Addison Wesley"
"Free Culture: The Nature and Future of Creativity","4.12","Penguin"
"Upgrading and Repairing PCs","4.13","Que Publishing"
"Perfect Software--And Other Illusions about Testing","4.13","Dorset House"
"Mastering Algorithms with C","3.78","O'Reilly Media"
"Ant: The Definitive Guide","3.08","O'Reilly Media"
"Version Control By Example","3.49","Pyrenean Gold Press"
"A Primer on Scientific Programming with Python","3.85","Springer"
"Practical C++ Programming","3.58","O'Reilly Media"
"ZooKeeper: Distributed process coordination","3.92","O'Reilly Media"
"Two Scoops of Django: Best Practices for Django 1.5","4.23","Cartwheel Web"
"Git in Practice","4.12","Manning"
"Programming F# 3.0","3.86","O'Reilly Media"
"No Place to Hide: Edward Snowden, the NSA, and the U.S. Surveillance State","4.08","Metropolitan Books/Henry Holt (NY)"
"Android Design Patterns: Interaction Design Solutions for Developers","3.72","Wiley Publishing"
"The Career Programmer: Guerilla Tactics for an Imperfect World (Expert's Voice)","3.15","Apress"
"Principles of Concurrent and Distributed Programming","3.44","Pearson"
"The Elements of Scrum","3.94","Dymaxicon"
"Java Se8 for the Really Impatient: A Short Course on the Basics","3.92","Addison Wesley"
"The Book of F#: Breaking Free with Managed Functional Programming","3.88","No Starch Press"
"Good Math: A Geek's Guide to the Beauty of Numbers, Logic, and Computation","3.62","The Pragmatic Programmers, LLC."
"Methods of Programming","4.08","Addison Wesley"
"Principles of Information Security","3.42","Course Technology"
"Learn Windows PowerShell 3 in a Month of Lunches","4.30","Manning"
"Professional Android 4 Application Development","3.94","Wrox Press"
"Show Stopper,: The Breakneck Race to Create Windows NT and the Next Generation at Microsoft","4.12","Free Press"
"Explore It,: Reduce Risk and Increase Confidence with Exploratory Testing","4.33","Pragmatic Bookshelf"
"The Python Standard Library by Example","4.23","Addison Wesley"
"JUnit in Action","3.54","Manning"
"The Mikado Method","3.36","Manning"
"Scrum: a Breathtakingly Brief and Agile Introduction","3.93","Dymaxicon"
"Security+ Guide to Network Security Fundamentals","3.65","Cengage Learning"
"Classic Shell Scripting: Hidden Commands that Unlock the Power of Unix","4.03","O'Reilly Media"
"Head First HTML and CSS","4.25","O'Reilly Media"
"Mobile First","3.96","A Book Apart"
"Genetic Algorithms in Search, Optimization, and Machine Learning","4.14","Addison Wesley"
"Introduction to Distributed Algorithms","3.73","Cambridge University Press"
"Debug It,: Find, Repair, and Prevent Bugs in Your Code","3.45","Pragmatic Bookshelf"
"Visual Explanations: Images and Quantities, Evidence and Narrative","4.29","Graphics Press"
"The Intelligent Web: Search, Smart Algorithms, and Big Data","3.70","Oxford University Press, USA"
"Principles of Transaction Processing","3.78","Morgan Kaufmann Publishers"
"The Mindi?1s I: Fantasies and Reflections on Self and Soul","4.14","Bantam"
"Managing Software Requirements: A Use Case Approach","3.50","Addison Wesley"
"Software Testing","3.74","Sams Publishing"
"MySQL Pocket Reference","3.84","O'Reilly Media"
"Fundamentals of Digital Logic with VHDL Design With CDROM","3.76","McGraw-Hill"
"Calendrical Calculations","4.23","Cambridge University Press"
"Liars and Outliers: Enabling the Trust that Society Needs to Thrive","3.77","Wiley Publishing"
"Beautiful Data: The Stories Behind Elegant Data Solutions (Theory In Practice, #31)","3.64","O'Reilly Media"
"Programming Distributed Computing Systems: A Foundational Approach","3.72","MIT"
"Applied Predictive Modeling","4.45","Springer"
"Living Clojure","4.09","O'Reilly Media"
"Refactoring: Ruby Edition, Adobe Reader","4.10","Addison Wesley"
"Embedded Android: Porting, Extending, and Customizing","4.14","O'Reilly Media"
"Jenkins: The Definitive Guide","3.42","O'Reilly Media"
"The Lambda Calculus: Its Syntax and Semantics","4.21","O'Reilly Media"
"Generative Design: Visualize, Program, and Create with Processing","4.55","Princeton Architectural Press"
"API Design for C++","4.09","Morgan Kaufmann Publishers"
"Test-Driven iOS Development","3.56","Addison Wesley"
"Designing with the Mind in Mind: Simple Guide to Understanding User Interface Design Rules","4.09","Elsevier Science & Technology"
"The Imitation Game","3.63","Tor Books"
"The Systems Bible: The Beginner's Guide to Systems Large and Small: Being the Third Edition of Systemantics","4.04","General Systemantics Press"
"Great Principles of Computing","3.13","MIT"
"Erlang and OTP in Action","4.27","Manning"
"Pattern Oriented Software Architecture Volume 5: On Patterns and Pattern Languages","3.73","John Wiley & Sons"
"Who Owns the Future?","3.77","Simon & Schuster"
"C# 6.0 and the .NET 4.6 Framework","4.58","Apress"
"Mazes for Programmers: Code Your Own Twisty Little Passages","4.31","Pragmatic Bookshelf"
"Computer Science: Discovering God's Glory in Ones and Zeros","3.82","P&R Publishing"
"The Unicode Standard","4.22","Addison Wesley"
"Linux Phrasebook","4.12","Sams Publishing"
"Cryptanalysis: A Study of Ciphers and Their Solution","3.79","Dover Publications"
"Swarm Intelligence: From Natural to Artificial Systems","3.96","Oxford University Press, USA"
"Programming in Go: Creating Applications for the 21st Century","3.75","Addison Wesley"
"Head First JavaScript Programming","4.24","O'Reilly Media"
"Learning Web Design: A Beginner's Guide to Html, Css, Javascript, and Web Graphics","4.17","O'Reilly Media"
"Two Scoops of Django: Best Practices for Django 1.8","4.53","Two Scoops Press"
"Theoretical Neuroscience: Computational and Mathematical Modeling of Neural Systems","4.26","MIT"
"Geometric Algebra for Computer Science: An Object-Oriented Approach to Geometry","3.97","Morgan Kaufmann Publishers"
"Elasticsearch: The Definitive Guide: A Distributed Real-Time Search and Analytics Engine","4.23","O'Reilly Media"
"Bayesian Data Analysis","4.20","CRC Press"
"The Art of Software Security Assessment: Identifying and Preventing Software Vulnerabilities","4.45","Addison Wesley"
"Principles of Distributed Database Systems","3.94","Prentice Hall"
"Algorithms And Data Structures: The Basic Toolbox","4.00","Springer"
"The Idea Factory: Bell Labs and the Great Age of American Innovation","4.15","Penguin"
"Bulletproof SSL and TLS: The Complete Guide to Deploying Secure Servers and Web Applications","4.59","Feisty Duck Ltd"
"Pro ASP.NET MVC 5","4.13","Apress"
"PHP and MySQL for Dynamic Web Sites: Visual QuickPro Guide","3.83","Peachpit Press"
"Java 8 Lambdas: Pragmatic Functional Programming","3.99","O'Reilly Media"
"Learn Ruby the Hard Way","3.67","Self"
"Cybersecurity and Cyberwar: What Everyone Needs to Know(r)","3.83","Oxford University Press, USA"
"3D Math Primer for Graphics and Game Development","4.16","Jones & Bartlett Publishers"
"HTML5 for Web Designers","4.02","A Book Apart"
"The Practice of Network Security Monitoring: Understanding Incident Detection and Response","4.03","No Starch Press"
"Hacker, Hoaxer, Whistleblower, Spy: The Many Faces of Anonymous","3.84","Verso"
"Computer Vision: Models, Learning, and Inference","4.38","Cambridge University Press"
"Introduction to Graph Theory","4.09","Dover Publications"
"Performance Modeling and Design of Computer Systems: Queueing Theory in Action","4.70","Cambridge University Press"
"Comptia A+ Certification All-In-One Exam Guide: Exams 220-801 & 220-802","4.16","McGraw-Hill"
"Thinking Functionally with Haskell","4.14","Cambridge University Press"
"Data Science at the Command Line: Facing the Future with Time-Tested Tools","3.87","O'Reilly Media"
"Linked Data","3.66","Manning"
"The Black Box Society: The Secret Algorithms That Control Money and Information","3.63","Harvard University Press"
"Applying Domain-Driven Design and Patterns : With Examples in C# and .NET","3.61","Addison Wesley"
"Hatching Twitter: A True Story of Money, Power, Friendship, and Betrayal","4.04","Portfolio Hardcover"
"Algorithms Illuminated: Part 1: The Basics","4.49","Soundlikeyourself Publishing, LLC"
"IBM PC Assembly Language and Programming","4.02","Prentice Hall"
"Assembly Language for Intel-Based Computers","4.07","Prentice Hall"
"Functional Programming in JavaScript","4.17","Manning"
"Brotopia: Breaking Up the Boys' Club of Silicon Valley","4.03","Portfolio"
"High Performance MySQL: Optimization, Backups, and Replication","4.39","O'Reilly Media"
"Reactive Microservices Architecture","3.66","O'Reilly Media"
"Essential Algorithms: A Practical Approach to Computer Algorithms","3.90","Wiley Publishing"
"The Unix Philosophy","4.05","Digital Press"
"Programming Rust: Fast, Safe Systems Development","4.61","O'Reilly Media"
"Reactive Microsystems","4.48","O'Reilly Media"
"Async JavaScript","4.02","Leanpub"
"A Common-Sense Guide to Data Structures and Algorithms: Level Up Your Core Programming Skills","4.16","Pragmatic Bookshelf"
"Bad Choices","3.28","Viking Books"
"Life in Code: A Personal History of Technology","3.96","MCD"
"The Everything Store: Jeff Bezos and the Age of Amazon","4.12","Little, Brown and Company"
"Computer Science: A Very Short Introduction","3.78","Oxford University Press, USA"
"Make Your Own Neural Network: An In-depth Visual Introduction For Beginners","4.21","Blue Windmill Media"
"Practical Statistics for Data Scientists: 50 Essential Concepts","4.05","O'Reilly Media"
"What Is Life? with Mind and Matter and Autobiographical Sketches","4.15","Cambridge University Press"
"Python Testing with Pytest: Simple, Rapid, Effective, and Scalable","4.16","Pragmatic Bookshelf"
"The Age of Cryptocurrency: How Bitcoin and Digital Money Are Challenging the Global Economic Order","3.89","St. Martin's Press"
"Introducing Ethereum and Solidity: Foundations of Cryptocurrency and Blockchain Programming for Beginners","3.37","Apress"
"The Cambridge Handbook of Artificial Intelligence","4.10","Cambridge University Press"
"Understanding the Digital World: What You Need to Know about Computers, the Internet, Privacy, and Security","4.28","Princeton University Press"
"The Non-Designer's Design Book","4.05","Peachpit Press"
"The CS Detective: An Algorithmic Tale of Crime, Conspiracy, and Computation","3.98","No Starch Press"
"High Performance Spark: Best Practices for Scaling and Optimizing Apache Spark","3.89","O'Reilly Media"
"Multiagent Systems: Algorithmic, Game-Theoretic, and Logical Foundations","3.68","Cambridge University Press"
"Web Scalability for Startup Engineers","4.58","McGraw-Hill"
"Hacking For Dummies","3.69","Wiley Publishing"
"Computational Science and Engineering","4.00","Wellesley College"
"PHP Web Services: APIs for the Modern Web","3.64","O'Reilly Media"
"Lean Enterprise: How High Performance Organizations Innovate at Scale","4.25","O'Reilly Media"
"C++ For Dummies","3.59","For Dummies"
"Agile Project Management with Scrum","3.70","Microsoft Press"
"Fundamentals of Machine Learning for Predictive Data Analytics: Algorithms, Worked Examples, and Case Studies","4.48","MIT"
"Information: The New Language of Science","3.91","Harvard University Press"
"Game Physics Engine Development With CDROM","4.22","Morgan Kaufmann Publishers"
"Software Requirements 3","4.29","Microsoft Press"
"The Developer's Code: What Real Programmers Do","3.42","The Pragmatic Programmers, LLC."
"Test Driven Development for Embedded C","4.20","Pragmatic Bookshelf"
"Coding Interview Questions","4.09","Createspace Independent Publishing Platform"
"Internetworking with TCP/IP Vol.1: Principles, Protocols, and Architecture","4.12","Prentice Hall"
"Absolute C++","3.84","Addison Wesley"
"Python Algorithms: Mastering Basic Algorithms in the Python Language","4.01","Apress"
"Genetic Programming: On the Programming of Computers by Means of Natural Selection","4.28","Bradford Book"
"Ada, the Enchantress of Numbers: A Selection from the Letters of Lord Byron's Daughter and Her Description of the First Computer","3.34","Critical Connection"
"The Last Lecture","4.26","Hachette Books"
"Principles of Program Analysis","3.87","Springer"
"Term Rewriting and All That","4.11","Cambridge University Press"
"Java Examples in a Nutshell: A Companion Volume to Java in a Nutshell","3.47","O'Reilly Media"
"Database in Depth: Relational Theory for Practitioners","3.96","O'Reilly Media"
"Communication and Concurrency","4.73","Prentice Hall"
"ERLANG Programming","4.09","O'Reilly Media"
"Data Compression Book","3.93","Wiley Publishing"
"The Latex Companion","4.03","Addison Wesley"
"Blown to Bits: Your Life, Liberty, and Happiness After the Digital Explosion","3.63","Addison Wesley"
"Programming Languages: Design and Implementation","3.91","Pearson"
"The Art of Assembly Language","3.70","No Starch Press"
"Introduction to Parallel Computing","3.39","Pearson"
"Introduction to Computational Genomics","4.00","Cambridge University Press"
"Problem Solving with C++: The Object of Programming","3.72","Addison Wesley"
"Ship It,","3.75","Pragmatic Bookshelf"
"Cloud Application Architectures: Building Applications and Infrastructure in the Cloud","3.07","O'Reilly Media"
"Common LISP: The Language","4.26","Digital Press"
"C++: The Complete Reference","4.04","McGraw-Hill"
"Revolution in The Valley: The Insanely Great Story of How the Mac Was Made","4.17","O'Reilly Media"
"Introduction to Computer Theory","3.89","Wiley Publishing"
"Network Security Essentials: Applications and Standards","3.81","Prentice Hall"
"The Formal Semantics of Programming Languages: An Introduction","3.68","MIT"
"C++ from the Ground Up","4.02","McGraw-Hill"
"Lionsi?1 Commentary on UNIX 6th Edition with Source Code","4.38","Peer-To-Peer Communications"
"Beyond Fear: Thinking Sensibly about Security in an Uncertain World","4.00","Copernicus Books"
"Communication Networks: Fundamental Concepts and Key Architectures","4.17","McGraw-Hill"
"Computability: An Introduction to Recursive Function Theory","3.76","Cambridge University Press"
"Logik fA1r Informatiker","3.23","Springer"
"Fluid Concepts and Creative Analogies","3.98","Basic Books"
"Core Java 2, Volume I--Fundamentals (Core Series)","3.83","Prentice Hall"
"VI Editor Pocket Reference (Pocket Reference","4.02","O'Reilly Media"
"Practical UNIX & Internet Security","3.86","O'Reilly Media"
"An Introduction to Bioinformatics Algorithms","3.78","MIT"
"Eniac: The Triumphs and Tragedies of the World's First Computer","3.78","Berkley Trade"
"No Tech Hacking: A Guide to Social Engineering, Dumpster Diving, and Shoulder Surfing","4.00","Syngress Publishing"
"The Google Story: Inside the Hottest Business, Media, and Technology Success of Our Time","3.84","Delta"
"Quality Software Management: Systems Thinking","4.26","Dorset House"
"The Standard C Library","4.12","Prentice Hall"
"Beginning Linux Programming","3.78","Wiley Publishing"
"Ruminations on C++: A Decade of Programming Insight and Experience","3.91","Addison Wesley"
"Starting Out with C++: From Control Structures Through Objects","3.90","Pearson"
"Building Machine Learning Systems with Python","3.86","Packt Publishing"
"Core J2EE Patterns: Best Practices and Design Strategies","3.41","Prentice Hall"
"Java Generics and Collections: Speed Up the Java Development Process","3.94","O'Reilly Media"
"UNIX Network Programming, Volume 2: Interprocess Communications","4.35","Prentice Hall"
"Pattern-Oriented Software Architecture Volume 2: Patterns for Concurrent and Networked Objects","3.65","Wiley Publishing"
"Computer: A History of the Information Machine","4.11","Westview Press"
"A Programmer's Introduction to Mathematics","3.83","Createspace Independent Publishing Platform"
"Programming Languages: Principles and Practice","3.12","Course Technology"
"Machine Learning in Action","3.74","Manning"
"What is DevOps?","3.53","O'Reilly Media"
"Let Us C","4.12","BPB Publications"
"Computability and Unsolvability","3.87","Dover Publications"
"File Structures: An Object-Oriented Approach with C++","3.89","Addison Wesley"
"Mathematical Logic for Computer Science","3.77","Springer"
"Operating System Concepts Essentials","3.76","John Wiley & Sons"
"Python Programming for the Absolute Beginner","3.89","Course Technology"
"Algorithms of the Intelligent Web","3.61","Manning"
"Making Software: What Really Works, and Why We Believe It","3.48","O'Reilly Media"
"Operating System Concepts with Java","3.74","Wiley Publishing"
"An Introduction to Kolmogorov Complexity and Its Applications","3.96","Springer"
"Responsive Web Design","4.16","A Book Apart"
"The Hacker Ethic: A Radical Approach to the Philosophy of Business","3.71","Random House Trade Paperbacks"
"Invent Your Own Computer Games with Python","4.05","Albert&Sweigart"
"Machine Learning: An Algorithmic Perspective","3.64","Chapman & Hall/CRC"
"DSLs in Action","3.49","Manning"
"Real Digital Forensics: Computer Security and Incident Response","4.13","Addison Wesley"
"Game Coding Complete","4.01","Paraglyph Press"
"Principles of Programming Languages: Design, Evaluation, and Implementation","3.70","Oxford University Press, USA"
"Discrete and Combinatorial Mathematics","3.62","Pearson"
"Object-Oriented Software Engineering: Using UML, Patterns and Java","3.68","Prentice Hall"
"The Art of Doing Science and Engineering: Learning to Learn","4.28","CRC Press"
"Numerical Recipes: The Art of Scientific Computing","4.23","Cambridge University Press"
"Worm: The First Digital World War","3.55","Atlantic Monthly Press"
"CSS Mastery: Advanced Web Standards Solutions","4.11","Friends of ED"
"Unlocking the Clubhouse: Women in Computing","4.18","MIT"
"D Is for Digital: What a Well-Informed Person Should Know about Computers and Communications","4.22","Createspace Independent Publishing Platform"
"A Practical Guide to Linux Commands, Editors, and Shell Programming","4.00","Prentice Hall"
"Introduction to Evolutionary Computing","4.03","Springer"
"Wikinomics: How Mass Collaboration Changes Everything","3.72","Penguin"
"Software Craftsmanship: The New Imperative","3.92","Addison Wesley"
"Head First HTML with CSS & XHTML","4.14","O'Reilly Media"
"Webmaster in a Nutshell","3.65","O'Reilly Media"
"A Gift of Fire: Social, Legal, and Ethical Issues for Computers and the Internet","3.33","Prentice Hall"
"Perl Pocket Reference","4.22","O'Reilly Media"
"More Exceptional C++: 40 New Engineering Puzzles, Programming Problems, and Solutions","4.20","Addison Wesley"
"Real-Time Collision Detection (The Morgan Kaufmann Series in Interactive 3d Technology)","4.45","CRC Press"
"Clever Algorithms: Nature-Inspired Programming Recipes","3.73","Lulu"
"Learning OpenCV: Computer Vision with the OpenCV Library","4.01","O'Reilly Media"
"Grace Hopper and the Invention of the Information Age (Lemelson Center Studies in Invention and Innovation series)","3.83","The MIT Press"
"Deep Thinking: Where Machine Intelligence Ends and Human Creativity Begins","3.94","PublicAffairs"
"Deep Learning: A Practitioner's Approach","3.71","O'Reilly Media"
"Turing's Vision: The Birth of Computer Science","4.29","MIT"
"Mathematical Elements for Computer Graphics","4.02","McGraw-Hill"
"Chaos: Making a New Science","3.99","Penguin"
"Operating Systems: Internals and Design Principles","3.65","Prentice Hall"
"Working Effectively with Unit Tests","4.04","Leanpub"
"Best Practices of Spell Design","3.84","Createspace Independent Publishing Platform"
"Mathematical Structures for Computer Science","3.98","W. H. Freeman"
"BDD in Action: Behavior-driven development for the whole software lifecycle","4.09","Manning"
"Understanding Computation: From Simple Machines to Impossible Programs","4.23","O'Reilly Media"
"The Business Blockchain: Promise, Practice, and Application of the Next Internet Technology","3.49","Wiley Publishing"
"Basic Proof Theory","3.83","Cambridge University Press"
"Patterns Principles and Practices of Domain Driven Design","4.29","Waveland Pr Inc"
"The Princeton Companion to Mathematics","4.39","Princeton University Press"
"Docker: Up & Running: Shipping Reliable Containers in Production","3.76","O'Reilly Media"
"Pragmatic Unit Testing in Java 8 with Junit","3.77","Pragmatic Bookshelf"
"Modern Processor Design: Fundamentals of Superscalar Processors","4.25","Waveland Pr Inc"
"Visualize This: The FlowingData Guide to Design, Visualization, and Statistics","3.88","Wiley Publishing"
"Data Structures Using C and C++","4.21","Pearson"
"How to Think About Algorithms","3.87","Cambridge University Press"
"Operating Systems: Principles and Practice","4.10","Recursive Books"
"Complex Adaptive Systems: An Introduction to Computational Models of Social Life","3.95","Princeton University Press"
"Exercises in Programming Style","4.39","CRC Press"
"An Introduction to Parallel Programming","3.78","Morgan Kaufmann Publishers"
"SSH Mastery: OpenSSH, PuTTY, Tunnels and Keys","4.16","Tilted Windmill Press"
"How to Break Software: A Practical Guide to Testing","3.66","Addison Wesley"
"Taming Text","3.81","Manning"
"Write Great Code: Volume 2: Thinking Low-Level, Writing High-Level","4.05","No Starch Press"
"Adrenaline Junkies and Template Zombies: Understanding Patterns of Project Behavior","3.95","Dorset House"
"The Art of Memory Forensics: Detecting Malware and Threats in Windows, Linux, and Mac Memory","4.38","Wiley Publishing"
"Testing Computer Software","3.88","Wiley Publishing"
"Beginning Java EE 7","3.95","Apress"
"Web Operations: Keeping the Data on Time","4.11","O'Reilly Media"
"Object Design: Roles, Responsibilities, and Collaborations","3.70","Addison Wesley"
"Bash Cookbook: Solutions and Examples for Bash Users","3.90","O'Reilly Media"
"RabbitMQ in Action","3.94","Manning"
"How the Mind Works","3.97","W. W. Norton Company"
"Pro C# 5.0 and the .Net 4.5 Framework","4.26","Apress"
"Service Design Patterns: Fundamental Design Solutions for SOAP/WSDL and RESTful Web Services","3.71","Addison Wesley"
"Linux Command Line and Shell Scripting Bible","4.12","John Wiley & Sons"
"The Art of R Programming: A Tour of Statistical Software Design","4.08","No Starch Press"
"Computer Security: Principles and Practice","3.74","Pearson Prentice Hall"
"C# 5.0 in a Nutshell: The Definitive Reference","4.30","O'Reilly Media"
"An Introduction to Programming in Go","3.77","Creative Commons 3.0"
"Principles of Model Checking","3.72","MIT"
"Essential System Administration","3.84","O'Reilly Media"
"MapReduce Design Patterns: Building Effective Algorithms and Analytics for Hadoop and Other Systems","3.91","O'Reilly Media"
"Real World OCaml: Functional programming for the masses","4.23","O'Reilly Media"
"The Definitive Guide to Django: Web Development Done Right","3.86","Apress"
"Succeeding with Agile: Software Development Using Scrum","4.00","Addison Wesley"
"Type Theory And Functional Programming","4.20","Addison Wesley"
"CSS: The Missing Manual","4.12","O'Reilly Media"
"Semantics of Programming Languages: Structures and Techniques","3.44","MIT"
"What Computers Still Can't Do: A Critique of Artificial Reason","4.12","MIT"
"The Recursive Universe: Cosmic Complexity and the Limits of Scientific Knowledge","3.95","McGraw-Hill"
"ML for the Working Programmer","3.76","Cambridge University Press"
"Designing With Web Standards","4.09","New Riders Publishing"
"Languages and Machines: An Introduction to the Theory of Computer Science","3.56","Pearson"
"Object-Oriented Design Heuristics","4.18","Addison Wesley"
"802.11 Wireless Networks: The Definitive Guide","3.64","O'Reilly Media"
"Object-Oriented JavaScript","4.16","Packt Publishing"
"Programming in Objective-C 2.0","3.85","Addison Wesley"
"Little Brother","3.93","Tor Books"
"Physics for Game Developers","3.47","O'Reilly Media"
"Network Algorithmics: An Interdisciplinary Approach to Designing Fast Networked Devices","4.30","Morgan Kaufmann Publishers"
"Google's Pagerank and Beyond: The Science of Search Engine Rankings","3.70","Princeton University Press"
"Approximation Algorithms","4.19","Springer"
"Software Systems Architecture: Working with Stakeholders Using Viewpoints and Perspectives","4.07","Addison Wesley"
"Operating System Principles","3.78","Prentice Hall"
"Writing Efficient Programs","4.00","Prentice Hall"
"HTTP: The Definitive Guide","4.14","O'Reilly Media"
"Rebel Code: Linux and the Open Source Revolution","3.90","Basic Books"
"Computers & Typesetting, Volume A: The TeXBook","4.32","Addison Wesley"
"SQL Pocket Guide","3.90","O'Reilly Media"
"Linux Device Drivers","4.08","O'Reilly Media"
"JavaScript Bible","3.70","Wiley Publishing"
"Computer Algorithms: Introduction to Design and Analysis","3.53","Addison Wesley"
"Object-Oriented Software Engineering","3.79","Addison Wesley"
"Pattern-Oriented Software Architecture Volume 1: A System of Patterns","3.85","Wiley Publishing"
"Large-Scale C++ Software Design","3.90","Addison Wesley"
"Documenting Software Architectures: Views and Beyond","3.69","Addison Wesley"
"Pattern Hatching: Design Patterns Applied","3.73","Addison Wesley"
"Serious Cryptography: A Practical Introduction to Modern Encryption","4.25","No Starch Press"
"Python Tricks","4.40","Dan Bader"
"Beyond Software Architecture: Creating and Sustaining Winning Solutions","3.72","Addison Wesley"
"The Site Reliability Workbook: Practical Ways to Implement SRE","4.29","O'Reilly Media"
"Kubernetes: Up & Running","3.99","O'Reilly Media"
"Hit Refresh","3.77","Harper"
"Fundamentals of Deep Learning: Designing Next-Generation Artificial Intelligence Algorithms","3.90","O'Reilly Media"
"Homo Deus: A Brief History of Tomorrow","4.29","Harper"
"From Counterculture to Cyberculture: Stewart Brand, the Whole Earth Network, and the Rise of Digital Utopianism","3.97","University of Chicago Press"
"Practical Reverse Engineering: x86, x64, ARM, Windows Kernel, Reversing Tools, and Obfuscation","3.88","Wiley Publishing"
"Storytelling with Data: A Data Visualization Guide for Business Professionals","4.37","Wiley Publishing"
"Overcomplicated: Technology at the Limits of Comprehension","3.38","Current"
"Node.Js the Right Way: Practical, Server-Side JavaScript That Scales","3.86","Pragmatic Bookshelf"
"Probably Approximately Correct: Nature's Algorithms for Learning and Prospering in a Complex World","3.62","Basic Books"
"SmallTalk 80 Language: The Language and Its Implementation","4.68","Addison Wesley"
"CSS: The Definitive Guide","3.99","O'Reilly Media"
"Universal Principles of Design: 100 Ways to Enhance Usability, Influence Perception, Increase Appeal, Make Better Design Decisions, and Teach Through Design","4.13","Rockport Publishers"
"Lean from the Trenches","4.20","Pragmatic Bookshelf"
"Graphics Programming Black Book Special Edition","4.48","Coriolis Group,U.S."
"Linux System Programming: Talking Directly to the Kernel and C Library","4.20","O'Reilly Media"
"How to Solve It by Computer","4.12","Prentice Hall"
"The Grammar of Graphics","4.20","Springer"
"Effective C#: 50 Specific Ways to Improve Your C#","4.01","Addison Wesley"
"Slack: Getting Past Burnout, Busywork, and the Myth of Total Efficiency","4.01","Crown Business"
"Software Requirements: Practical Techniques for Gathering and Managing Requirements Throughout the Product Development Cycle","3.97","Microsoft Press"
"Collective Intelligence in Action","3.74","Manning"
"The Hacker Crackdown: Law and Disorder on the Electronic Frontier","3.74","Bantam"
"The Art of SQL","3.92","O'Reilly Media"
"Algorithms in C, Part 5: Graph Algorithms","3.96","Addison Wesley"
"Computability Theory","4.62","CRC Press"
"Tmux: Productive Mouse-Free Development","3.92","The Pragmatic Programmers, LLC."
"Machine Learning with R","4.22","Packt Publishing"
"Linked: How Everything Is Connected to Everything Else and What It Means for Business, Science, and Everyday Life","3.93","Plume"
"The AWK Programming Language","4.25","Pearson"
"Inside the C++ Object Model","4.20","Addison Wesley"
"Agile Testing: A Practical Guide for Testers and Agile Teams","3.83","Addison Wesley"
"Clojure Programming","4.18","O'Reilly Media"
"Programming in Objective C","3.96","Indianapolis"
"Lambda-Calculus, Combinators and Functional Programming","3.00","Cambridge University Press"
"Causality: Models, Reasoning, and Inference","4.18","Cambridge University Press"
"Why Programs Fail: A Guide to Systematic Debugging","3.91","Morgan Kaufmann Publishers"
"The Best Software Writing I: Selected and Introduced by Joel Spolsky","3.84","Apress"
"The Architecture of Open Source Applications, Volume II","4.05","Lulu"
"Head First HTML5 Programming","3.99","O'Reilly Media"
"Code Craft: The Practice of Writing Excellent Code","3.96","No Starch Press"
"High Performance MySQL: Optimization, Backups, Replication & Load Balancing","4.24","O'Reilly Media"
"Web Form Design: Filling in the Blanks","4.04","Rosenfeld Media"
"Antipatterns: Refactoring Software, Architectures, and Projects in Crisis","3.79","Wiley Publishing"
"Cassandra: The Definitive Guide","3.59","O'Reilly Media"
"Algorithms in C++","3.94","Addison Wesley"
"Agile Retrospectives: Making Good Teams Great","3.91","Pragmatic Bookshelf"
"The Art of Scalability: Scalable Web Architecture, Processes, and Organizations for the Modern Enterprise","3.96","Addison Wesley"
"Core Python Programming","3.86","Prentice Hall"
"Algorithms in C, Parts 1-4: Fundamentals, Data Structures, Sorting, Searching","4.14","Addison Wesley"
"The Art of Computer Programming, Volume 4, Fascicles 0-4","5.00","Addison Wesley"
"Concepts in Programming Languages","3.45","Cambridge University Press"
"Data and Computer Communications","3.87","Prentice Hall"
"The Society of Mind","4.01","Simon & Schuster"
"The Emotion Machine: Commonsense Thinking, Artificial Intelligence, and the Future of the Human Mind","3.76","Simon & Schuster"
"Data Structures and Algorithms in C++","3.70","Course Technology"
"Artificial Intelligence for Games (The Morgan Kaufmann Series in Interactive 3D Technology)","4.17","CRC Press"
"Programming in Python 3: A Complete Introduction to the Python Language","3.69","Addison Wesley"
"The Internet of Money","4.13","Merkle Bloom LLC"
"The Art of Electronics","4.33","Cambridge University Press"
"A Pattern Language: Towns, Buildings, Construction","4.39","Oxford University Press, USA"
"Distributed Systems","4.09","Createspace Independent Publishing Platform"
"The Hardware Hacker: Adventures in Making and Breaking Hardware","4.29","No Starch Press"
"Kotlin in Action","4.50","Manning"
"Web Scraping with Python: Collecting Data from the Modern Web","4.14","O'Reilly Media"
"What the Dormouse Said: How the Sixties Counterculture Shaped the Personal Computer Industry","3.81","Penguin"
"Chaos Monkeys: Obscene Fortune and Random Failure in Silicon Valley","3.72","Harper"
"Hello Ruby: Adventures in Coding","3.90","Feiwel & Friends"
"Zero Bugs and Program Faster","3.71","Kate Thompson"
"Steal This Computer Book 4.0 Acâ‚¬â€o What They WonAcâ‚¬2t Tell You About the Internet 4e","3.66","No Starch Press"
"Software Architecture Patterns","3.69","O'Reilly Media"
"Elixir in Action, Second Edition","4.50","Manning"
"The Robert C. Martin Clean Code Collection (Collection)","4.51","Prentice Hall"
"The Inevitable: Understanding the 12 Technological Forces That Will Shape Our Future","3.96","Viking Books"
"Database Systems: A Practical Approach to Design, Implementation and Management","3.67","Addison Wesley"
"Ada Byron Lovelace and the Thinking Machine","4.19","Creston Books"
"Structured Programming","4.23","Academic Press"
"Amazon Web Services in Action","3.81","Manning"
"Free Software, Free Society: Selected Essays","4.13","Free Software Foundation"
"Reactive Messaging Patterns with the Actor Model: Applications and Integration in Scala and Akka","3.56","Addison Wesley"
"Management 3.0: Leading Agile Developers, Developing Agile Leaders","4.14","Addison Wesley"
"Modern C++ Programming with Test-Driven Development: Code Better, Sleep Better","4.43","Pragmatic Bookshelf"
"Java: A Beginner's Guide (Beginner's Guide)","3.96","McGraw-Hill"
"Program or Be Programmed: Ten Commands for a Digital Age","3.69","OR Books"
"Data Structure and Algorithmic Thinking with Python","4.10","Careermonk Publications"
"Theory of Recursive Functions and Effective Computability","4.00","MIT"
"Dataclysm: Who We Are (When We Think No One's Looking)","3.74","Crown"
"Linux Bible","4.30","Wiley Publishing"
"Java:  The Complete Reference","4.15","McGraw-Hill"
"Black Hat Python: Python Programming for Hackers and Pentesters","4.07","No Starch Press"
"A Bug Hunter's Diary: A Guided Tour Through the Wilds of Software Security","3.92","No Starch Press"
"Advanced Concepts in Operating Systems","3.96","McGraw-Hill"
"A History of Modern Computing","3.96","MIT"
"Intuition Pumps And Other Tools for Thinking","3.79","W. W. Norton Company"
"Flash Boys: A Wall Street Revolt","4.14","W. W. Norton Company"
"The Search: How Google and Its Rivals Rewrote the Rules of Business and Transformed Our Culture","3.83","Portfolio Hardcover"
"Introduction to Reliable and Secure Distributed Programming","4.41","Springer"
"Reinventing Discovery: The New Era of Networked Science","3.92","Princeton University Press"
"Hacking the Xbox: An Introduction to Reverse Engineering","4.07","No Starch Press"
"R Graphics Cookbook: Practical Recipes for Visualizing Data","4.24","O'Reilly Media"
"21st Century C: C Tips from the New School","3.81","O'Reilly Media"
"MongoDB: The Definitive Guide","3.85","O'Reilly Media"
"Foundations of Computer Science","3.95","Thomson Learning"
"Programming from the Ground Up","4.12","Bartlett Publishing"
"Agile Software Development with Scrum","3.82","Pearson"
"The Quick Python Book","3.82","Manning"
"Kanban: Successful Evolutionary Change for Your Technology Business","3.97","Blue Hole Press"
"Team Geek: A Software Developer's Guide to Working Well with Others","3.97","O'Reilly Media"
"Data Structures and Algorithm Analysis in Java","3.63","Addison Wesley"
"Fundamentals of Computer Graphics","3.67","A K PETERS"
"Rework","3.94","Crown Business"
"Conceptual Mathematics: A First Introduction To Categories","4.32","Cambridge University Press"
"Object-Oriented Programming in C++","4.11","Sams Publishing"
"Design for Hackers: Reverse Engineering Beauty","3.74","Wiley Publishing"
"The Sciences of the Artificial","4.23","MIT"
"Certified Programming with Dependent Types: A Pragmatic Introduction to the Coq Proof Assistant","4.09","MIT"
"Test Driven: Practical TDD and Acceptance TDD for Java Developers","3.83","Manning"
"Python Pocket Reference","4.00","O'Reilly Media"
"SCJP Sun Certified Programmer for Java 6 Study Guide","4.28","McGraw-Hill"
"Computer Organization","3.67","McGraw-Hill"
"Refactoring Databases: Evolutionary Database Design","3.70","Addison Wesley"
"jQuery: Novice to Ninja","3.91","SitePoint"
"Thinking in C++, Volume One: Introduction to Standard C++","4.12","Pearson"
"Learning Java","3.60","O'Reilly Media"
"Managing Humans: Biting and Humorous Tales of a Software Engineering Manager","3.97","Apress"
"Programming the Semantic Web","3.69","O'Reilly Media"
"CSS3 For Web Designers","4.06","A Book Apart"
"Data Communications and Networking (McGraw-Hill Forouzan Networking)","3.90","McGraw-Hill"
"SQL and Relational Theory: How to Write Accurate SQL Code","3.75","O'Reilly Media"
"The Art of Computer Programming, Volume 4, Fascicle 4: Generating All Trees--History of Combinatorial Generation","4.50","Addison Wesley"
"How Would You Move Mount Fuji? Microsoft's Cult of the Puzzle--How the World's Smartest Companies Select the Most Creative Thinkers","3.57","Little, Brown and Company"
"The Road Ahead","3.69","Viking Books"
"Being Geek: The Software Developer's Career Handbook","3.70","O'Reilly Media"
"The Art of Software Testing","3.69","Wiley Publishing"
"The RSpec Book","3.87","Pragmatic Bookshelf"
"The Implementation (TCP/IP Illustrated, Volume 2)","4.21","Addison Wesley"
"Communicating Sequential Processes (Prentice Hall International Series in Computing Science)","4.33","Prentice Hall"
"Interactive Theorem Proving and Program Development: Coq Art: The Calculus of Inductive Constructions","3.86","Springer"
"Garbage Collection: Algorithms for Automatic Dynamic Memory Management","4.13","Wiley Publishing"
"Database Systems: Design, Implementation, and Management","3.56","Course Technology"
"Learning GNU Emacs","3.63","O'Reilly Media"
"Essential System Administration: Tools and Techniques for Linux and Unix Administration","3.96","O'Reilly Media"
"TCP/IP Network Administration","3.86","O'Reilly Media"
"PHP & MySQL For Dummies","3.54","Wiley Publishing"
"The Art of Computer Programming, Volume 1, Fascicle 1: MMIX -- A RISC Computer for the New Millennium","4.19","Addison Wesley"
"Exceptional C++: 47 Engineering Puzzles, Programming Problems, and Solutions","4.18","Addison Wesley"
"The Little Typer","4.35","The MIT Press"
"Mathematics for Computer Science","3.91","MIT"
"Cryptography: Theory and Practice (Discrete Mathematics and Its Applications)","3.71","CRC Press"
"Introduction to Artificial Intelligence","3.75","Dover Publications"
"Software Project Survival Guide","3.82","Microsoft Press"
"Speaking JavaScript","4.37","O'Reilly Media"
"Prediction Machines: The Simple Economics of Artificial Intelligence","4.00","Harvard Business Review Press"
"Introduction to Linear Algebra","4.20","Wellesley College"
"Girls Who Code: Learn to Code and Change the World","4.10","Virgin Books"
"Technically Wrong: Sexist Apps, Biased Algorithms, and Other Threats of Toxic Tech","4.16","W. W. Norton Company"
"Think Java: How to Think Like a Computer Scientist","3.66","Green Tea Press"
"Quantum Computer Science","3.59","Cambridge University Press"
"Designing Distributed Systems: Patterns and Paradigms for Scalable, Reliable Services","3.53","O'Reilly Media"
"UNIX in a Nutshell: A Desktop Quick Reference - Covers GNU/Linux, Mac OS X, and Solaris","3.90","O'Reilly Media"
"Envisioning Information","4.22","Graphics Press"
"Programming Collective Intelligence: Building Smart Web 2.0 Applications","4.07","O'Reilly Media"
"Bitcoin and Cryptocurrency Technologies: A Comprehensive Introduction","4.41","Princeton University Press"
"Intermediate Perl","3.97","O'Reilly Media"
"Head First Python","3.77","O'Reilly Media"
"Type-Driven Development with Idris","4.51","Manning"
"Functional and Reactive Domain Modeling","4.19","Manning"
"Future Crimes: Everything Is Connected, Everyone Is Vulnerable, and What We Can Do About It","3.94","Doubleday"
"Blockchain: Blueprint for a New Economy","3.31","O'Reilly Media"
"Metaprogramming Ruby 2: Program Like the Ruby Pros","4.47","Pragmatic Bookshelf"
"Computing: A Concise History","3.63","MIT"
"If Hemingway Wrote JavaScript","4.17","No Starch Press"
"Just Enough Software Architecture: A Risk-Driven Approach","3.53","Marshall & Brainerd"
"Software Architecture for Developers: Volume 1 - Technical leadership and the balance with agility","3.84","Leanpub"
"High Performance Python: Practical Performant Programming for Humans","4.17","O'Reilly Media"
"Introduction to Computing Systems: From Bits & Gates to C & Beyond","3.77","McGraw-Hill"
"Learning Agile: Understanding Scrum, XP, Lean, and Kanban","4.12","O'Reilly Media"
"Computability, Complexity, and Languages: Fundamentals of Theoretical Computer Science (Computer Science and Scientific Computing)","3.96","Morgan Kaufmann Publishers"
"Reactive Design Patterns","3.54","Manning"
"Counter Hack Reloaded: A Step-By-Step Guide to Computer Attacks and Effective Defenses","3.96","Prentice Hall"
"Android Programming: The Big Nerd Ranch Guide","4.31","Big Nerd Ranch Guides"
"Data Structures and Algorithms in Python","4.08","Wiley Publishing"
"The Basics of Hacking and Penetration Testing: Ethical Hacking and Penetration Testing Made Easy","3.91","Syngress"
"Getting Started with OAuth 2.0","3.50","O'Reilly Media"
"Parallel and Concurrent Programming in Haskell: Techniques for Multicore and Multithreaded Programming","4.54","O'Reilly Media"
"In Pursuit of the Traveling Salesman: Mathematics at the Limits of Computation","3.88","Princeton University Press"
"ggplot2: Elegant Graphics for Data Analysis","4.31","Springer"
"Distributed Operating Systems","3.96","Pearson"
"SciPy and NumPy: An Overview for Developers","2.96","O'Reilly Media"
"Scala in Depth","3.93","Manning"
"Implementation Patterns","3.62","Addison Wesley"
"Networks, Crowds, and Markets: Reasoning about a Highly Connected World","4.17","Cambridge University Press"
"Cypherpunks: Freedom and the Future of the Internet","3.70","OR Books"
"Selected Writings on Computing: A Personal Perspective","4.25","Springer"
"The Practice of System and Network Administration","4.39","Addison Wesley"
"Tubes: A Journey to the Center of the Internet","3.50","Ecco"
"Getting Started with Arduino","3.78","Maker Media, Inc"
"The Object-Oriented Thought Process","3.68","Addison Wesley"
"Joe Celko's SQL for Smarties: Advanced SQL Programming","3.95","Morgan Kaufmann Publishers"
"Practical C Programming","3.68","O'Reilly Media"
"Java in a Nutshell","3.81","O'Reilly Media"
"Parsing Techniques: A Practical Guide","4.20","Springer"
"The Art of Computer Programming, Volume 4, Fascicle 2: Generating All Tuples and Permutations","4.70","Addison Wesley"
"The Art of Computer Programming, Volume 4, Fascicle 1: Bitwise Tricks & Techniques; Binary Decision Diagrams","4.73","Addison Wesley"
"The Old New Thing: Practical Development Throughout the Evolution of Windows","3.92","Addison Wesley"
"Inside the Machine","4.13","No Starch Press"
"Python in a Nutshell","3.88","O'Reilly Media"
"Head First Software Development","3.93","O'Reilly Media"
"Programming Game AI by Example","4.07","Jones & Bartlett Publishers"
"Lex & Yacc","3.68","O'Reilly Media"
"Implementing Lean Software Development: From Concept to Cash","4.16","Addison Wesley"
"Head First Servlets and JSP: Passing the Sun Certified Web Component Developer Exam","4.16","O'Reilly Media"
"Distributed Algorithms","4.19","Morgan Kaufmann Publishers"
"Why's (Poignant) Guide to Ruby","4.05","Attribution-ShareAlike License"
"Perl Best Practices: Standards and Styles for Developing Maintainable Code","4.27","O'Reilly Media"
"HTML & XHTML: The Definitive Guide","3.91","O'Reilly Media"
"Lisp","3.98","Addison Wesley"
"Broad Band: The Untold Story of the Women Who Made the Internet","4.00","Portfolio"
"Gray Hat Hacking: The Ethical Hacker's Handbook","4.09","McGraw-Hill"
"Machine Learning","3.62","The MIT Press"
"Once Upon an Algorithm: How Stories Explain Computing","3.81","MIT"
"Feynman And Computation","4.42","Westview Press"
"Your Code As a Crime Scene: Use Forensic Techniques to Arrest Defects, Bottlenecks, and Bad Design in Your Programs","3.59","Pragmatic Bookshelf"
"Python Data Science Handbook: Tools and Techniques for Developers","4.28","O'Reilly Media"
"Programming Elixir: Functional |> Concurrent |> Pragmatic |> Fun","4.33","The Pragmatic Programmers, LLC."
"Spam Nation: The Inside Story of Organized Cybercrime Acâ‚¬â€? from Global Epidemic to Your Front Door","3.72","Sourcebooks"
"C Programming Absolute Beginner's Guide","4.24","Que Publishing"
"Assembly Language: Step-By-Step","4.22","Wiley Publishing"
"The Little MLer","3.91","MIT"
"Lambda-Calculus and Combinators: An Introduction","3.80","Cambridge University Press"
"More Programming Pearls: Confessions of a Coder","4.03","Addison Wesley"
"But How Do It Know? - The Basic Principles of Computers for Everyone","4.49","John C. Scott"
"Learning Spark","3.87","O'Reilly Media"
"Java Performance: The Definitive Guide","4.38","O'Reilly Media"
"Red Team Field Manual (RTFM)","4.22","Createspace Independent Publishing Platform"
"Systems Performance: Enterprise and the Cloud","4.47","Prentice Hall"
"Learning Javascript Design Patterns","3.84","O'Reilly Media"
"SQL Performance Explained","4.34","Markus Winand (2012)"
"Python 3 Object Oriented Programming","4.01","Packt Publishing"
"The Google Resume: How to Prepare for a Career and Land a Job at Apple, Microsoft, Google, or Any Top Tech Company","3.77","John Wiley & Sons"
"C++ Coding Standards: 101 Rules, Guidelines, and Best Practices","4.20","Addison Wesley"
"WindowsÂ® Internals, Part 2: Covering Windows ServerÂ® 2008 R2 and Windows 7","4.54","Microsoft Press"
"The Healthy Programmer","3.73","The Pragmatic Programmers, LLC."
"Practical Cryptography","4.18","Wiley Publishing"
"Continuous Integration: Improving Software Quality and Reducing Risk","3.79","Addison Wesley"
"Sams Teach Yourself SQLAcâ€žc in 10 Minutes","4.02","Sams Publishing"
"Data Structures and Algorithm Analysis in C","3.80","Pearson"
"The Master Switch: The Rise and Fall of Information Empires","3.84","Knopf"
"Bayesian Reasoning and Machine Learning","4.11","Cambridge University Press"
"Computer Science Illuminated","3.55","Jones & Bartlett Publishers"
"Functional JavaScript: Introducing Functional Programming with Underscore.js","4.07","O'Reilly Media"
"The Design of Everyday Things","4.19","Basic Books"
"We Are Anonymous: Inside the Hacker World of LulzSec, Anonymous, and the Global Cyber Insurgency","3.94","Little, Brown and Company"
"A First Course in Logic: An Introduction to Model Theory, Proof Theory, Computability, and Complexity","4.31","OUP Oxford"
"Effective JavaScript: 68 Specific Ways to Harness the Power of JavaScript","4.32","Addison Wesley"
"Fire in the Valley: The Making of the Personal Computer","4.11","McGraw-Hill"
"Practical Malware Analysis: The Hands-On Guide to Dissecting Malicious Software","4.43","No Starch Press"
"Objective-C Programming: The Big Nerd Ranch Guide","4.17","Addison Wesley"
"The Art Of Prolog: Advanced Programming Techniques","3.79","MIT"
"Think Stats","3.66","O'Reilly Media"
"Learning SQL","3.86","O'Reilly Media"
"GA¶del's Proof","4.14","New York University Press"
"Essentials of Computer Organization and Architecture","3.20","Jones & Bartlett Publishers"
"jQuery in Action","3.94","Manning"
"The Art and Science of Java","3.99","Pearson"
"Death March","3.83","Prentice Hall"
"Programming Scala: Scalability = Functional Programming + Objects","3.72","O'Reilly Media"
"Compiler Construction: Principles and Practice","3.90","Cengage Learning"
"Programming Clojure","3.82","Pragmatic Bookshelf"
"OpenGL SuperBible: Comprehensive Tutorial and Reference","3.99","Addison Wesley"
"Thinking Forth","3.91","Punchy Publishing"
"Linkers and Loaders","3.96","Morgan Kaufmann Publishers"
"Processing: A Programming Handbook for Visual Designers and Artists","4.15","MIT"
"Designing Web Usability","3.80","New Riders Publishing"
"The Scheme Programming Language","3.94","MIT"
"Python Essential Reference (Developer's Library)","4.21","Sams Publishing"
"C Programming: A Modern Approach","4.26","W. W. Norton Company"
"Modern Compiler Implementation in Java","3.47","Cambridge University Press"
"WindowsA‚Â® Internals (PRO-Developer)","4.46","Microsoft Press"
"Designing Interfaces: Patterns for Effective Interaction Design","3.82","O'Reilly Media"
"Theoretische Informatik - kurzgefasst","3.67","Spektrum Akademischer Verlag"
"The Manga Guide to Databases","4.05","No Starch Press"
"Randomized Algorithms","4.06","Cambridge University Press"
"The Haskell School of Expression: Learning Functional Programming Through Multimedia","3.72","Cambridge University Press"
"Rocket Surgery Made Easy: The Do-It-Yourself Guide to Finding and Fixing Usability Problems","4.11","New Riders Publishing"
"Artificial Intelligence: Structures and Strategies for Complex Problem Solving","3.69","Addison Wesley"
"A Madman Dreams of Turing Machines","3.67","Alfred A. Knopf"
"High Performance JavaScript","4.05","Yahoo Press"
"Principles of Computer System Design: An Introduction","3.70","Morgan Kaufmann Publishers"
"Algorithmic Game Theory","4.19","Cambridge University Press"
"Neural Networks: A Comprehensive Foundation","3.89","Prentice Hall"
"Running Linux","3.70","O'Reilly Media"
"UNIX Network Programming, Volume 1: The Sockets Networking API","4.35","Addison Wesley"
"The Java Programming Language","3.80","Addison Wesley"
"Computer Power and Human Reason: From Judgment to Calculation","4.29","W.H. Freeman & Company"
"Programming Challenges: The Programming Contest Training Manual","4.04","Springer"
"How to Solve It: Modern Heuristics","3.98","Springer"
"Writing Effective Use Cases","3.95","Addison Wesley"
"Concurrent Programming in Javai?1: Design Principles and Pattern","4.18","Addison Wesley"
"Hello World: Being Human in the Age of Algorithms","4.14","W. W. Norton Company"
"A Mind at Play: How Claude Shannon Invented the Information Age","4.15","Simon & Schuster"
"More Effective C++","4.33","Addison Wesley"
"The Little Prover","3.96","MIT"
"The Dark Net: Inside the Digital Underworld","3.66","William Heinemann"
"Physically Based Rendering: From Theory to Implementation","4.58","Morgan Kaufmann Publishers"
"Competitive Programming 3","4.62","Lulu"
"Coding the Matrix: Linear Algebra through Computer Science Applications","4.32","createspace"
"Zero to One: Notes on Startups, or How to Build the Future","4.16","Crown Business"
"Readings in Database Systems","4.71","Morgan Kaufmann Publishers"
"The Data Warehouse Toolkit: The Complete Guide to Dimensional Modeling","4.12","John Wiley & Sons"
"Python Crash Course: A Hands-On, Project-Based Introduction to Programming","4.25","No Starch Press"
"Data Smart: Using Data Science to Transform Information into Insight","4.17","John Wiley & Sons"
"The Principles of Object-Oriented JavaScript","4.38","No Starch Press"
"The UNIX Hater's Handbook: The Best of UNIX-Haters On-line Mailing Reveals Why UNIX Must Die,","3.68","IDG Books Worldwide, Inc."
"Thinking in Systems: A Primer","4.26","Chelsea Green Publishing"
"The Art of Prolog: Advanced Programming Techniques","3.91","MIT"
"Tcp/IP Illustrated, Volume 1: The Protocols","4.60","Addison Wesley"
"Realm of Racket: Learn to Program, One Game at a Time,","3.69","No Starch Press"
"Metamagical Themas: Questing for the Essence of Mind and Pattern","4.18","Basic Books"
"Hadoop: The Definitive Guide","3.94","O'Reilly Media"
"Complexity: A Guided Tour","4.06","Oxford University Press, USA"
"Principles of Compiler Design","3.97","Addison Wesley"
"Version Control with Git","3.89","O'Reilly Media"
"Mindstorms: Children, Computers, And Powerful Ideas","4.30","Basic Books"
"Specification by Example","4.04","Manning"
"Algorithmic Puzzles","4.11","Oxford University Press, USA"
"You Are Not a Gadget","3.54","Alfred A. Knopf"
"Smalltalk Best Practice Patterns","4.18","Prentice Hall"
"Mathematics for 3D Game Programming and Computer Graphics","4.05","Cengage Learning"
"Code Simplicity: The Fundamentals of Software","3.62","O'Reilly Media"
"Framework Design Guidelines: Conventions, Idioms, and Patterns for Reusable .NET Libraries","4.21","Addison Wesley"
"Logicomix: An Epic Search for Truth","4.03","Bloomsbury (NYC)"
"Introduction to Modern Cryptography: Principles and Protocols","4.30","CRC Press"
"Modern Compiler Implementation in ML","3.91","Cambridge University Press"
"Debugging: The 9 Indispensable Rules for Finding Even the Most Elusive Software and Hardware Problems","4.22","AMACOM"
"Metaprogramming Ruby","4.33","Pragmatic Bookshelf"
"DNS and BIND","3.96","O'Reilly Media"
"Social Engineering: The Art of Human Hacking","3.82","Wiley Publishing"
"Modern Compiler Implementation in C","3.60","Cambridge University Press"
"Data Analysis with Open Source Tools: A Hands-On Guide for Programmers and Data Scientists","4.05","O'Reilly Media"
"The Art of Computer Programming, Volume 4, Fascicle 3: Generating All Combinations and Partitions","4.50","Addison Wesley"
"The Agile Samurai: How Agile Masters Deliver Great Software","3.93","The Pragmatic Programmers, LLC."
"Handbook of Applied Cryptography","4.03","CRC Press"
"Algorithmics: The Spirit of Computing","3.94","Addison Wesley"
"Haskell: The Craft of Functional Programming","3.53","Addison Wesley"
"WindowsÂ® Internals, Part 1: Covering Windows ServerÂ® 2008 R2 and Windows 7","4.43","Microsoft Press"
"Data Structures and Algorithms in Java","4.09","Sams Publishing"
"The Man Who Knew Too Much: Alan Turing and the Invention of the Computer","3.48","W. W. Norton Company"
"Free as in Freedom: Richard Stallman's Crusade for Free Software","3.81","O'Reilly Media"
"The Design and Implementation of the FreeBSD Operating System","4.31","Addison Wesley"
"Eloquent Ruby","4.35","Addison Wesley"
"Dealers of Lightning: Xerox PARC and the Dawn of the Computer Age","4.13","Harper"
"LISP in Small Pieces","4.28","Cambridge University Press"
"User Stories Applied: For Agile Software Development","3.88","Addison Wesley"
"REST in Practice: Hypermedia and Systems Architecture","3.82","O'Reilly Media"
"Agile Estimating and Planning","4.09","Prentice Hall"
"Neural Networks for Pattern Recognition","4.07","Clarendon Press"
"iWoz: Computer Geek to Cult Icon: How I Invented the Personal Computer, Co-Founded Apple, and Had Fun Doing It","3.85","W. W. Norton Company"
"Database Management Systems","3.76","McGraw-Hill"
"97 Things Every Software Architect Should Know: Collective Wisdom from the Experts","3.60","O'Reilly Media"
"Snow Crash","4.03","Spectra"
"ANSI Common Lisp","4.12","Pearson"
"An Introduction to Genetic Algorithms","3.75","Bradford Book"
"Writing Solid Code","4.09","Microsoft Press"
"Writing Secure Code","4.01","Microsoft Press"
"The Nature of Code","4.60","The Nature of Code"
"Computer System Architecture","3.80","Prentice Hall"
"C++ Standard Library: A Tutorial and Reference","4.15","Addison Wesley"
"The Design and Analysis of Computer Algorithms","3.85","Pearson"
"Combinatorial Optimization: Algorithms and Complexity","3.98","Dover Publications"
"The Art of Computer Programming, Volume 4, Fascicle 0: Introduction to Combinatorial Algorithms and Boolean Functions","4.53","Addison Wesley"
"Algorithms on Strings, Trees and Sequences: Computer Science and Computational Biology","4.05","Cambridge University Press"
"Analysis Patterns: Reusable Object Models","3.78","Addison Wesley"
"The Design and Evolution of C++","4.29","Addison Wesley"
"Design Patterns Explained: A New Perspective on Object-Oriented Design","3.87","Addison Wesley"
"Introduction to Machine Learning","3.67","MIT"
"Blockchain Revolution: How the Technology Behind Bitcoin Is Changing Money, Business, and the World","3.36","Portfolio"
"Rise of the Robots: Technology and the Threat of a Jobless Future","4.03","Basic Books"
"High Performance Browser Networking","4.52","O'Reilly Media"
"Scrum: The Art of Doing Twice the Work in Half the Time","4.19","Crown Business"
"Data Science for Business: What you need to know about data mining and data-analytic thinking","4.17","O'Reilly Media"
"The Mathematical Theory of Communication","4.39","University of Illinois Press"
"The Shallows: What the Internet Is Doing to Our Brains","3.87","W. W. Norton Company"
"Object Thinking","3.97","Microsoft Press"
"Scala for the Impatient","4.12","Addison Wesley"
"Effective Programming: More Than Writing Code","3.91","Hyperink"
"Violent Python: A Cookbook for Hackers, Forensic Analysts, Penetration Testers and Security Engineers","4.03","Syngress Publishing"
"The Lean Startup: How Today's Entrepreneurs Use Continuous Innovation to Create Radically Successful Businesses","4.06","Currency"
"Digital Design and Computer Architecture","4.29","Morgan Kaufmann Publishers"
"Design Patterns in Ruby","4.16","Addison Wesley"
"Linux in a Nutshell","3.91","O'Reilly Media"
"Computer Vision: Algorithms and Applications","4.17","Springer"
"Writing for Computer Science","3.98","Springer"
"C: A Reference Manual","4.15","Prentice Hall"
"Quantum Computing for Computer Scientists","4.13","Cambridge University Press"
"To Mock a Mockingbird and Other Logic Puzzles","4.13","Oxford University Press, USA"
"Discrete Mathematics with Applications","3.94","Brooks Cole"
"Artificial Intelligence","3.82","McGraw-Hill"
"Computation: Finite and Infinite Machines (Automatic Computation)","4.57","Prentice Hall"
"sed & awk","3.83","O'Reilly Media"
"The Inmates Are Running the Asylum: Why High Tech Products Drive Us Crazy and How to Restore the Sanity","3.94","Sams Publishing"
"Software Craftsmanship","4.31","Leanpub"
"You Don't Know JS: Async & Performance","4.28","O'Reilly Media"
"You Don't Know JS: ES6 & Beyond","4.37","O'Reilly Media"
"The Architecture of Open Source Applications","3.68","Lulu"
"Modern C++ Design: Generic Programming and Design Patterns Applied","4.24","Addison Wesley"
"The Complete Software Developer's Career Guide: How to Learn Programming Languages Quickly, Ace Your Programming Interview, and Land Your Software Developer Dream Job","4.20","Simple Programmer"
"Countdown to Zero Day: Stuxnet and the Launch of the World's First Digital Weapon","4.12","Crown"
"Elements of Programming Interviews: The Insiders' Guide C++","4.28","Createspace Independent Publishing Platform"
"Hacking Exposed: Network Security Secrets & Solutions","3.77","McGraw-Hill"
"The Codebreakers: The Comprehensive History of Secret Communication from Ancient Times to the Internet","4.20","Scribner"
"Advanced Compiler Design and Implementation","3.90","Morgan Kaufmann Publishers"
"Getting Real: The Smarter, Faster, Easier Way to Build a Web Application","4.01","Self"
"The Art of Readable Code","3.93","O'Reilly Media"
"Digital Design","3.98","Prentice Hall"
"Language Implementation Patterns: Techniques for Implementing Domain-Specific Languages","3.80","Pragmatic Bookshelf"
"The Ruby Programming Language","4.02","O'Reilly Media"
"An Introduction to the Analysis of Algorithms","4.00","Addison Wesley"
"The Web Application Hacker's Handbook: Discovering and Exploiting Security Flaws","4.15","John Wiley & Sons"
"Python Machine Learning","4.30","Packt Publishing"
"Write Great Code: Volume 1: Understanding the Machine","3.92","No Starch Press"
"Doing Data Science","3.74","O'Reilly Media"
"The Shellcoder's Handbook: Discovering and Exploiting Security Holes","4.13","Wiley Publishing"
"The Science of Programming","3.90","Springer"
"Logic in Computer Science: Modelling and Reasoning about Systems","3.87","Cambridge University Press"
"Interaction Design: Beyond Human-Computer Interaction","3.72","John Wiley & Sons"
"Transaction Processing: Concepts and Techniques","4.38","Morgan Kaufmann Publishers"
"RESTful Web Services","3.84","O'Reilly Media"
"Object-Oriented Software Construction (Book/CD-ROM)","4.06","Prentice Hall"
"Literate Programming","3.86","Center for the Study of Language and Inf"
"Unix Network Programming, Volume 1: Networking APIs - Sockets and XTI","4.29","Prentice Hall"
"The Well-Grounded Rubyist","4.34","Manning"
"The Self-Taught Programmer: The Definitive Guide to Programming Professionally","4.05","Triangle Connection LLC"
"Digital Gold: Bitcoin and the Inside Story of the Misfits and Millionaires Trying to Reinvent Money","4.17","Harper"
"Haskell Programming From First Principles","4.48","Gumroad"
"Regular Expressions Cookbook","4.09","O'Reilly Media"
"You Don't Know JS: Types & Grammar","4.47","O'Reilly Media"
"Introduction to Java Programming: Comprehensive Version","4.08","Prentice Hall"
"JavaScript Patterns","4.17","O'Reilly Media"
"Elements of Information Theory","4.15","Wiley-Interscience"
"Practical Common LISP","4.14","Apress"
"Graph Databases","3.66","O'Reilly Media"
"Computational Fairy Tales","3.99","Createspace Independent Publishing Platform"
"Crypto: How the Code Rebels Beat the Government--Saving Privacy in the Digital Age","3.98","Penguin"
"Learning the vi and Vim Editors","3.90","O'Reilly Media"
"Big Data: Principles and best practices of scalable realtime data systems","3.83","Manning"
"NoSQL Distilled: A Brief Guide to the Emerging World of Polyglot Persistence","4.09","Addison Wesley"
"UNIX and Linux System Administration Handbook","4.40","Prentice Hall"
"UNIX Power Tools","4.14","O'Reilly Media"
"Silence on the Wire: A Field Guide to Passive Reconnaissance and Indirect Attacks","4.20","No Starch Press"
"Problem Solving with Algorithms and Data Structures Using Python","4.09","Franklin Beedle & Associates"
"Everybody Lies: Big Data, New Data, and What the Internet Can Tell Us About Who We Really Are","3.92","Dey Street Books"
"The DevOps Handbook: How to Create World-Class Agility, Reliability, and Security in Technology Organizations","4.35","It Revolution Press"
"Masters of Doom: How Two Guys Created an Empire and Transformed Pop Culture","4.25","Random House Trade Paperbacks"
"The Productive Programmer","3.71","O'Reilly Media"
"The Haskell Road to Logic, Maths and Programming","3.68","College Publications"
"Python for Data Analysis","4.10","O'Reilly Media"
"Land of LISP: Learn to Program in LISP, One Game at a Time,","4.14","No Starch Press"
"Programming in Scala","4.21","Artima"
"Head First Object-Oriented Analysis and Design: A Brain Friendly Guide to OOA&D","3.96","O'Reilly Media"
"Perl Cookbook","4.01","O'Reilly Media"
"Cryptography and Network Security: Principles and Practice","4.02","Prentice Hall"
"Spring in Action","3.93","Manning"
"The Art of Invisibility: The World's Most Famous Hacker Teaches You How to Be Safe in the Age of Big Brother and Big Data","3.99","Little, Brown and Company"
"Programming: Principles and Practice Using C++","4.17","Addison Wesley"
"The Imposter's Handbook","3.97","Big Machine"
"Where Wizards Stay Up Late: The Origins of the Internet","3.87","Simon & Schuster"
"The Go Programming Language","4.45","Addison Wesley"
"The Thrilling Adventures of Lovelace and Babbage","4.05","Pantheon"
"The Dream Machine: J.C.R. Licklider and the Revolution That Made Computing Personal","4.48","Penguin"
"Java 8 in Action","4.31","Manning"
"Essential Scrum: A Practical Guide to the Most Popular Agile Process","4.14","Addison Wesley"
"Learning From Data: A Short Course","4.43","AMLbook.com"
"High Performance Web Sites","4.17","O'Reilly Media"
"Dependency Injection in .NET","4.35","Manning"
"Pattern Classification","4.02","Wiley-Interscience"
"Real-Time Rendering","4.48","A K PETERS"
"Kingpin: How One Hacker Took Over the Billion-Dollar Cybercrime Underground","3.94","Crown"
"Practical Foundations for Programming Languages","4.03","Carnegie Mellon University"
"The Golden Ticket: P, Np, and the Search for the Impossible","3.60","Princeton University Press"
"xUnit Test Patterns: Refactoring Test Code","3.92","Addison Wesley"
"Computational Geometry: Algorithms and Applications","4.05","Springer"
"Head First C#","3.92","O'Reilly Media"
"Programming Erlang","3.97","Pragmatic Bookshelf"
"C Primer Plus","4.10","Sams Publishing"
"Dive Into Python","3.96","Apress"
"Java Puzzlers: Traps, Pitfalls, and Corner Cases","4.20","Addison Wesley"
"Learning the bash Shell","3.89","O'Reilly Media"
"Practices of an Agile Developer: Working in the Real World","3.88","Pragmatic Bookshelf"
"A New Kind of Science","3.56","Wolfram Media"
"The Computational Beauty of Nature: Computer Explorations of Fractals, Chaos, Complex Systems, and Adaptation","4.34","Bradford Book"
"Introduction to Algorithms: A Creative Approach","4.23","Addison Wesley"
"The Art of Multiprocessor Programming","3.96","Morgan Kaufmann Publishers"
"An Introduction to Information Theory: Symbols, Signals and Noise","3.95","Dover Publications"
"The Book of Why: The New Science of Cause and Effect","4.01","Basic Books"
"Selected Papers on Computer Science","3.88","Center for the Study of Language and Inf"
"Software Estimation: Demystifying the Black Art","4.03","Microsoft Press"
"An Introduction to Database Systems","3.93","Pearson"
"Programming Python","3.96","O'Reilly Media"
"Object-Oriented Analysis and Design with Applications","3.90","Addison Wesley"
"Data Mining: Practical Machine Learning Tools and Techniques","3.87","Morgan Kaufmann Publishers"
"The Effective Engineer: How to Leverage Your Efforts In Software Engineering to Make a Disproportionate and Meaningful Impact","4.30","Effective Bookshelf"
"The Little Book of Semaphores: The Ins and Outs of Concurrency Control and Common Mistakes","4.41","createspace"
"How Google Works","4.05","John Murray"
"Seven Concurrency Models in Seven Weeks: When Threads Unravel","3.84","Pragmatic Bookshelf"
"Think Complexity: Complexity Science and Computational Modeling","3.89","O'Reilly Media"
"Introduction to Computation and Programming Using Python","4.20","MIT"
"Mining of Massive Datasets","4.37","Cambridge University Press"
"About Face 3: The Essentials of Interaction Design","4.04","John Wiley & Sons"
"Computability and Logic","4.01","Cambridge University Press"
"Pearls of Functional Algorithm Design","4.18","Cambridge University Press"
"Reversing: Secrets of Reverse Engineering","4.03","Wiley Publishing"
"An Introduction to Formal Language and Automata","3.80","Jones & Bartlett Publishers"
"Effective STL: 50 Specific Ways to Improve Your Use of the Standard Template Library","4.20","Addison Wesley"
"Just for Fun: The Story of an Accidental Revolutionary","3.91","Harper"
"Cryptography Engineering: Design Principles and Practical Applications","4.18","Wiley Publishing"
"The Art of Intrusion: The Real Stories Behind the Exploits of Hackers, Intruders and Deceivers","3.88","Wiley Publishing"
"Life 3.0: Being Human in the Age of Artificial Intelligence","4.08","Random House Audio Publishing Group"
"Machine Learning: A Probabilistic Perspective","4.37","MIT"
"You Don't Know JS: this & Object Prototypes","4.46","O'Reilly Media"
"Probability and Computing: Randomized Algorithms and Probabilistic Analysis","4.09","Cambridge University Press"
"The Second Machine Age: Work, Progress, and Prosperity in a Time of Brilliant Technologies","3.95","W. W. Norton Company"
"Our Final Invention: Artificial Intelligence and the End of the Human Era","3.75","Thomas Dunne Books/St Martin's Press (NY)"
"Automate This: How Algorithms Came to Rule Our World","3.83","Portfolio"
"The Essential Turing: Seminal Writings in Computing, Logic, Philosophy, Artificial Intelligence, and Artificial Life Plus the Secrets of Eni","4.19","Oxford University Press (UK)"
"How to Prove It: A Structured Approach","4.26","Cambridge University Press"
"How Google Tests Software","3.77","Addison Wesley"
"Lauren Ipsum","3.90","Off-By-One Press"
"Basic Category Theory for Computer Scientists","3.54","MIT"
"Python Cookbook","4.13","O'Reilly Media"
"Mastering Bitcoin: Unlocking Digital Cryptocurrencies","4.32","O'Reilly Media"
"Facts and Fallacies of Software Engineering","3.95","Addison Wesley"
"Metasploit: The Penetration Tester's Guide","4.04","No Starch Press"
"Seven Databases in Seven Weeks: A Guide to Modern Databases and the NoSQL Movement","4.02","Pragmatic Bookshelf"
"The Most Human Human: What Talking with Computers Teaches Us About What It Means to Be Alive","3.93","Knopf Doubleday Publishing Group"
"Domain-Specific Languages","3.87","Addison Wesley"
"Numerical Recipes in C: The Art of Scientific Computing","4.17","Cambridge University Press"
"Things a Computer Scientist Rarely Talks About","3.98","Center for the Study of Language and Inf"
"Advanced Topics in Types and Programming Languages","3.92","MIT"
"The Emperor's New Mind: Concerning Computers, Minds and the Laws of Physics","3.86","Oxford University Press, USA"
"The Seasoned Schemer","4.30","MIT"
"Dreaming in Code: Two Dozen Programmers, Three Years, 4,732 Bugs, and One Quest for Transcendent Software","3.69","Crown Publishing, NY"
"Machine Learning for Hackers","3.72","O'Reilly Media"
"The Universal Computer: The Road from Leibniz to Turing","4.12","W. W. Norton Company"
"On Lisp: Advanced Techniques for Common Lisp","4.31","Prentice Hall"
"UML Distilled: A Brief Guide to the Standard Object Modeling Language","3.78","Addison Wesley"
"Practical Vim: Edit Text at the Speed of Thought","4.47","The Pragmatic Programmers, LLC."
"Probabilistic Graphical Models: Principles and Techniques","4.21","MIT"
"C++ Primer Plus","4.05","Sams Publishing"
"Game Engine Architecture","4.33","A K PETERS"
"Algorithms in a Nutshell","3.88","O'Reilly Media"
"Data Mining: Concepts and Techniques (The Morgan Kaufmann Series in Data Management Systems)","3.89","Morgan Kaufmann Publishers"
"Cryptonomicon","4.25","Avon"
"Computer Science: An Overview","3.77","Addison Wesley"
"Think Like a Programmer: An Introduction to Creative Problem Solving","3.90","No Starch Press"
"Data Structures and Algorithms","3.87","Pearson"
"Programming in Haskell","4.00","Cambridge University Press"
"The Nature of Computation","4.59","Oxford University Press, USA"
"Quantum Computation and Quantum Information","4.31","Cambridge University Press"
"The Singularity is Near: When Humans Transcend Biology","3.94","Penguin"
"Security Engineering: A Guide to Building Dependable Distributed Systems","4.20","Wiley Publishing"
"A Philosophy of Software Design","4.12","Yaknyam Press"
"Computer Science Distilled: Learn the Art of Solving Computational Problems","4.10","Code Energy LLC"
"How to Solve It: A New Aspect of Mathematical Method","4.16","Princeton University Press"
"Game Programming Patterns","4.51","Genever Benning"
"You Don't Know JS: Up & Going","4.31","O'Reilly Media"
"Reinforcement Learning: An Introduction","4.45","Bradford Book"
"Data and Goliath: The Hidden Battles to Collect Your Data and Control Your World","4.03","W. W. Norton Company"
"A Tour of C++","4.24","Addison Wesley"
"JavaScript and jQuery: Interactive Front-End Web Development","4.35","Wiley Publishing"
"The Art of Computer Programming, Volume 4A: Combinatorial Algorithms, Part 1","4.54","Addison Wesley"
"Agile Principles, Patterns, and Practices in C#","4.32","Prentice Hall"
"Agile Web Development with Rails: A Pragmatic Guide","3.91","Pragmatic Bookshelf"
"Elements of the Theory of Computation","3.84","Pearson"
"Digital Image Processing","4.01","Prentice Hall"
"Secrets of the JavaScript Ninja","4.17","Manning"
"On Intelligence","4.13","St. Martin's Griffin"
"Secrets and Lies: Digital Security in a Networked World","3.89","Wiley Publishing"
"Software Architecture in Practice","3.72","Addison Wesley"
"The Pattern on the Stone: The Simple Ideas that Make Computers Work","4.04","Basic Books"
"Software Engineering: A Practitioner's Approach","3.70","McGraw-Hill"
"Foundations of Computer Science: C Edition","4.01","W.H. Freeman & Company"
"Python Programming: An Introduction to Computer Science","4.00","Franklin Beedle & Associates"
"Introduction to the Design and Analysis of Algorithms","3.97","Pearson"
"How Computers Work","3.89","Que Publishing"
"Thinking in Java","4.16","Prentice Hall"
"From Mathematics to Generic Programming","4.15","Addison Wesley"
"The Reasoned Schemer","4.28","MIT"
"Essentials of Programming Languages","3.93","MIT"
"Algorithms Plus Data Structures Equals Programs (Prentice-Hall series in automatic computation)","4.22","Prentice Hall"
"How Linux Works: What Every Superuser Should Know","4.10","No Starch Press"
"Fluent Python: Clear, Concise, and Effective Programming","4.67","O'Reilly Media"
"C++ Primer","4.19","Addison Wesley"
"Computer Graphics: Principles and Practice","4.16","Addison Wesley"
"Concepts of Programming Languages","3.71","Addison Wesley"
"The Joy of Clojure","4.18","Manning"
"The Art of Unit Testing: With Examples in .NET","4.10","Manning"
"Java: How to Program","3.85","Prentice Hall"
"Database Systems: The Complete Book","3.77","Prentice Hall"
"How to Create a Mind: The Secret of Human Thought Revealed","3.96","Viking Books"
"Programming Ruby: The Pragmatic Programmers' Guide","4.05","Pragmatic Bookshelf"
"The Cuckoo's Egg: Tracking a Spy Through the Maze of Computer Espionage","4.21","Gallery Books"
"The Elements of Programming Style","4.18","McGraw-Hill"
"You Don't Know JS: Scope and Closures","4.54","O'Reilly Media"
"C# in Depth","4.48","Manning"
"Weapons of Math Destruction: How Big Data Increases Inequality and Threatens Democracy","3.87","Crown"
"Data Science from Scratch: First Principles with Python","3.91","O'Reilly Media"
"C++: How to Program","3.94","Prentice Hall"
"Implementing Domain-Driven Design","4.06","Addison Wesley"
"Let Over Lambda","4.04","Lulu"
"Understanding the Linux Kernel","4.06","O'Reilly Media"
"An Introduction to Functional Programming Through Lambda Calculus","4.13","Dover Publications"
"Apprenticeship Patterns: Guidance for the Aspiring Software Craftsman","4.11","O'Reilly Media"
"Elements of Programming","4.01","Addison Wesley"
"Engineering a Compiler","3.97","Morgan Kaufmann Publishers"
"In the Beginning...Was the Command Line","3.79","William Morrow"
"Introduction to Information Retrieval","4.20","Cambridge University Press"
"Programming Perl","4.05","O'Reilly Media"
"Programming the Universe: A Quantum Computer Scientist Takes on the Cosmos","4.00","Knopf"
"Hands-On Machine Learning with Scikit-Learn and TensorFlow","4.55","O'Reilly Media"
"Rapid Development: Taming Wild Software Schedules","3.96","Microsoft Press"
"Foundations of Statistical Natural Language Processing","4.16","MIT"
"Out of Their Minds: The Lives and Discoveries of 15 Great Computer Scientists","3.80","Copernicus Books"
"Effective Python: 59 Specific Ways to Write Better Python","4.26","Addison Wesley"
"Big Data: A Revolution That Will Transform How We Live, Work, and Think","3.71","Houghton Mifflin Harcourt"
"Effective Modern C++: 42 Specific Ways to Improve Your Use of C++11 and C++14","4.52","O'Reilly Media"
"Real World Haskell: Code You Can Believe In","3.93","O'Reilly Media"
"Algorithms Unlocked","4.17","MIT"
"Turing's Cathedral: The Origins of the Digital Universe","3.55","Pantheon"
"The Art of UNIX Programming","4.17","Addison Wesley"
"Database System Concepts","3.77","McGraw-Hill"
"Refactoring to Patterns","4.03","Addison Wesley"
"Site Reliability Engineering: How Google Runs Production Systems","4.23","O'Reilly Media"
"The Linux Command Line","4.36","No Starch Press"
"The New Turing Omnibus: 66 Excursions In Computer Science","3.88","W.H. Freeman & Company"
"JavaScript: The Definitive Guide","4.02","O'Reilly Media"
"Linux Kernel Development","4.29","Addison Wesley"
"Programming Language Pragmatics","3.96","Morgan Kaufmann Publishers"
"The Innovators: How a Group of  Hackers, Geniuses and Geeks Created the Digital Revolution","4.08","Simon & Schuster"
"The Soul of a New Machine","4.11","Back Bay Books"
"The Elements of Statistical Learning: Data Mining, Inference, and Prediction","4.37","Springer"
"The Computer and the Brain","3.90","Yale University Press"
"Enterprise Integration Patterns: Designing, Building, and Deploying Messaging Solutions","4.07","Addison Wesley"
"Release It,: Design and Deploy Production-Ready Software (Pragmatic Programmers)","4.21","Pragmatic Bookshelf"
"Computational Complexity","4.27","Cambridge University Press"
"Automate the Boring Stuff with Python: Practical Programming for Total Beginners","4.25","No Starch Press"
"HTML and CSS: Design and Build Websites","4.34","Wiley Publishing"
"Speech and Language Processing: An Introduction to Natural Language Processing, Computational Linguistics and Speech Recognition","4.17","Prentice Hall"
"Paradigms of Artificial Intelligence Programming: Case Studies in Common LISP","4.32","Morgan Kaufmann Publishers"
"Agile Software Development, Principles, Patterns, and Practices","4.26","Pearson"
"Operating Systems: Three Easy Pieces","4.72","Arpaci-Dusseau Books"
"Software Engineering (International Computer Science Series)","3.75","Addison Wesley"
"Alan Turing: The Enigma","3.80","Walker Books"
"Expert C Programming: Deep C Secrets","4.31","Prentice Hall"
"Operating Systems Design and Implementation","4.03","Prentice Hall"
"Computer Organization and Architecture: Designing for Performance","4.05","Prentice Hall"
"Learning Perl","3.98","O'Reilly Media"
"Extreme Programming Explained: Embrace Change (The XP Series)","4.04","Addison Wesley"
"An Introduction to Statistical Learning: With Applications in R","4.61","Springer"
"The Design of Design: Essays from a Computer Scientist","3.75","Addison Wesley"
"97 Things Every Programmer Should Know: Collective Wisdom from the Experts","3.65","O'Reilly Media"
"The Art of Deception: Controlling the Human Element of Security","3.76","Wiley Publishing"
"Natural Language Processing with Python","4.14","O'Reilly Media"
"Accelerated C++: Practical Programming by Example","4.06","Addison Wesley"
"Distributed Systems: Concepts and Design","3.59","Pearson"
"Practical Object Oriented Design in Ruby","4.55","Addison Wesley"
"Fundamentals of Database Systems","3.81","Addison Wesley"
"Distributed Systems: Principles and Paradigms","3.90","Pearson Prentice Hall"
"The Psychology of Computer Programming","4.10","Dorset House"
"The Design of the UNIX Operating System","4.20","Prentice Hall"
"Programming Interviews Exposed: Secrets to Landing Your Next Job (Programmer to Programmer)","3.96","Waveland Pr Inc"
"Pragmatic Thinking and Learning: Refactor Your Wetware","4.12","Pragmatic Bookshelf"
"The Master Algorithm: How the Quest for the Ultimate Learning Machine Will Remake Our World","3.80","Basic Books"
"Hacking: The Art of Exploitation","4.13","No Starch Press"
"Pattern Recognition and Machine Learning","4.28","Springer"
"Peopleware: Productive Projects and Teams","4.16","Dorset House"
"The Art of Computer Programming, Volume 2: Seminumerical Algorithms","4.39","Addison Wesley"
"Cracking the Coding Interview: 150 Programming Questions and Solutions","4.34","createspace"
"Learning Python","3.94","O'Reilly Media"
"Hackers: Heroes of the Computer Revolution","4.13","Penguin"
"Deep Learning","4.47","The MIT Press"
"A Discipline of Programming","4.27","Prentice Hall"
"Algorithm Design","4.12","Pearson"
"The Art of Computer Programming: Volume 3: Sorting and Searching","4.38","Addison Wesley"
"Computer Architecture: A Quantitative Approach","4.08","Morgan Kaufmann Publishers"
"Growing Object-Oriented Software, Guided by Tests","4.17","Addison Wesley"
"Advanced Programming in the UNIX Environment","4.31","Addison Wesley"
"Algorithms","4.21","McGraw-Hill"
